0, 004+57.58450.wp.jpg
1, 005+59.58400.wp.jpg
2, 006+57.58650.wp.jpg
3, 012+58.58400.wp.jpg
4, 013+59.58400.wp.jpg
5, 015+59.58400.wp.jpg
6, 016+59.58400.wp.jpg
7, 017+59.58400.wp.jpg
8, 022+58.58400.wp.jpg
9, 058-17.58400.wp.jpg
10, 082+12.58500.wp.jpg
11, 187-06.58500.wp.jpg
12, 257-28.58600.wp.jpg
13, 320+59.58450.wp.jpg
14, 323+58.58400.wp.jpg
15, 325+57.58400.wp.jpg
16, 326+57.58400.wp.jpg
17, 339+57.58400.wp.jpg
19, 350+60.58400.wp.jpg
20, 352+60.58400.wp.jpg
21, 353+59.58650.wp.jpg
22, 354+59.58450.wp.jpg